{"cameraMode":{"drawMode":0,"name":"Shaded","section":"Shading Mode"},"sceneLighting":false,"audioPlay":false,"sceneViewState":{"m_AlwaysRefresh":false,"showFog":true,"showSkybox":false,"showFlares":true,"showImageEffects":true,"showParticleSystems":true,"showVisualEffectGraphs":true,"m_FxEnabled":true},"in2DMode":false,"pivot":{"x":-0.0006828573532402515,"y":-0.0019928428810089828,"z":-0.000866081565618515},"rotation":{"x":0.017669837921857835,"y":-0.04287349432706833,"z":0.0011148917255923153,"w":0.9990866780281067},"size":0.02789265289902687,"orthographic":false}