{"cameraMode":{"drawMode":0,"name":"Shaded","section":"Shading Mode"},"sceneLighting":true,"audioPlay":false,"sceneViewState":{"m_AlwaysRefresh":false,"showFog":true,"showSkybox":true,"showFlares":true,"showImageEffects":true,"showParticleSystems":true,"showVisualEffectGraphs":true,"m_FxEnabled":true},"in2DMode":false,"pivot":{"x":-0.04705546423792839,"y":0.1279318779706955,"z":-0.20001113414764405},"rotation":{"x":0.0985216498374939,"y":-0.02324245683848858,"z":0.0026582106947898866,"w":0.9950394630432129},"size":0.05125270038843155,"orthographic":false}