{"cameraMode":{"drawMode":0,"name":"Shaded","section":"Shading Mode"},"sceneLighting":true,"audioPlay":false,"sceneViewState":{"m_AlwaysRefresh":false,"showFog":true,"showSkybox":true,"showFlares":true,"showImageEffects":true,"showParticleSystems":true,"showVisualEffectGraphs":true,"m_FxEnabled":true},"in2DMode":false,"pivot":{"x":0.4096079170703888,"y":0.02692875824868679,"z":0.2991528809070587},"rotation":{"x":-0.01896919310092926,"y":-0.3721250593662262,"z":-0.007520055864006281,"w":0.9283050894737244},"size":0.0022906349040567877,"orthographic":false}