{"cameraMode":{"drawMode":0,"name":"Shaded","section":"Shading Mode"},"sceneLighting":false,"audioPlay":false,"sceneViewState":{"m_AlwaysRefresh":false,"showFog":true,"showSkybox":false,"showFlares":true,"showImageEffects":true,"showParticleSystems":true,"showVisualEffectGraphs":true,"m_FxEnabled":true},"in2DMode":false,"pivot":{"x":0.06623181700706482,"y":0.25360000133514407,"z":0.5197204947471619},"rotation":{"x":0.243218794465065,"y":0.14975741505622865,"z":-0.03796050325036049,"w":0.9576684832572937},"size":0.31014376878738406,"orthographic":false}